{
    "filename":"0009c70ac-99e9-70a8-5989-627d1fb53b3a.jpg",
    "size":{
        "width":425,
        "height":717
    },
    "bbx_basic":{
        "angel_1":{
            "xmin":1,
            "ymin":13,
            "xmax":403,
            "ymax":680,
            "cpt":{
                "xc":202.0,
                "yc":346.5
            },
            "oloc":"cc",
            "rsa":87.99,
            "off":0.3696
        },
        "lily_1":{
            "xmin":30,
            "ymin":200,
            "xmax":258,
            "ymax":399,
            "cpt":{
                "xc":144.0,
                "yc":299.5
            },
            "oloc":"cc",
            "rsa":14.89,
            "off":-0.0682
        }
    },
    "bbx_added":{},
    "bbx_cnt":2
}