<annotation>
	<folder>images</folder>
	<filename>0009c70ac-99e9-70a8-5989-627d1fb53b3a.jpg</filename>
	<path>/media/bscuser/5d88f775-620b-4a9d-b714-0d1032b57be0/bscuser/RKD/images/0009c70ac-99e9-70a8-5989-627d1fb53b3a.jpg</path>
	<source>
		<database>Unknown</database>
	</source>
	<size>
		<width>425</width>
		<height>717</height>
		<depth>3</depth>
	</size>
	<segmented>0</segmented>
	<object>
		<name>angel</name>
		<pose>Unspecified</pose>
		<truncated>1</truncated>
		<difficult>0</difficult>
		<bndbox>
			<xmin>1</xmin>
			<ymin>13</ymin>
			<xmax>403</xmax>
			<ymax>680</ymax>
		</bndbox>
	</object>
	<object>
		<name>lily</name>
		<pose>Unspecified</pose>
		<truncated>0</truncated>
		<difficult>0</difficult>
		<bndbox>
			<xmin>30</xmin>
			<ymin>200</ymin>
			<xmax>258</xmax>
			<ymax>399</ymax>
		</bndbox>
	</object>
</annotation>
