{
    "filename":"0027eb131-72ca-f42e-36ef-d007b1777a34.jpg",
    "size":{
        "width":540,
        "height":669
    },
    "bbx_basic":{
        "nude_1":{
            "xmin":41,
            "ymin":97,
            "xmax":472,
            "ymax":627,
            "cpt":{
                "xc":256.5,
                "yc":362.0
            },
            "oloc":"cc",
            "rsa":63.23,
            "off":0.148
        },
        "sword_1":{
            "xmin":147,
            "ymin":130,
            "xmax":455,
            "ymax":328,
            "cpt":{
                "xc":301.0,
                "yc":229.0
            },
            "oloc":"cc",
            "rsa":16.88,
            "off":-0.2037
        },
        "severed head_1":{
            "xmin":304,
            "ymin":412,
            "xmax":502,
            "ymax":630,
            "cpt":{
                "xc":403.0,
                "yc":521.0
            },
            "oloc":"br",
            "rsa":11.95,
            "off":0.0299
        }
    },
    "bbx_added":{},
    "bbx_cnt":3
}