<annotation>
	<folder>images</folder>
	<filename>0027eb131-72ca-f42e-36ef-d007b1777a34.jpg</filename>
	<path>/media/bscuser/5d88f775-620b-4a9d-b714-0d1032b57be0/bscuser/RKD/images/0027eb131-72ca-f42e-36ef-d007b1777a34.jpg</path>
	<source>
		<database>Unknown</database>
	</source>
	<size>
		<width>540</width>
		<height>669</height>
		<depth>3</depth>
	</size>
	<segmented>0</segmented>
	<object>
		<name>nude</name>
		<pose>Unspecified</pose>
		<truncated>0</truncated>
		<difficult>0</difficult>
		<bndbox>
			<xmin>41</xmin>
			<ymin>97</ymin>
			<xmax>472</xmax>
			<ymax>627</ymax>
		</bndbox>
	</object>
	<object>
		<name>sword</name>
		<pose>Unspecified</pose>
		<truncated>0</truncated>
		<difficult>0</difficult>
		<bndbox>
			<xmin>147</xmin>
			<ymin>130</ymin>
			<xmax>455</xmax>
			<ymax>328</ymax>
		</bndbox>
	</object>
	<object>
		<name>severed head</name>
		<pose>Unspecified</pose>
		<truncated>0</truncated>
		<difficult>0</difficult>
		<bndbox>
			<xmin>304</xmin>
			<ymin>412</ymin>
			<xmax>502</xmax>
			<ymax>630</ymax>
		</bndbox>
	</object>
</annotation>
