{
    "filename":"004a409ae-748e-7a16-0a9f-950c815a6a3e.jpg",
    "size":{
        "width":650,
        "height":429
    },
    "bbx_basic":{
        "nude_1":{
            "xmin":238,
            "ymin":67,
            "xmax":615,
            "ymax":426,
            "cpt":{
                "xc":426.5,
                "yc":246.5
            },
            "oloc":"cc",
            "rsa":48.54,
            "off":-0.0277
        },
        "nude_2":{
            "xmin":77,
            "ymin":91,
            "xmax":353,
            "ymax":428,
            "cpt":{
                "xc":215.0,
                "yc":259.5
            },
            "oloc":"cl",
            "rsa":33.36,
            "off":0.1422
        }
    },
    "bbx_added":{},
    "bbx_cnt":2
}