<annotation>
	<folder>images</folder>
	<filename>004a409ae-748e-7a16-0a9f-950c815a6a3e.jpg</filename>
	<path>/media/bscuser/5d88f775-620b-4a9d-b714-0d1032b57be0/bscuser/RKD/images/004a409ae-748e-7a16-0a9f-950c815a6a3e.jpg</path>
	<source>
		<database>Unknown</database>
	</source>
	<size>
		<width>650</width>
		<height>429</height>
		<depth>3</depth>
	</size>
	<segmented>0</segmented>
	<object>
		<name>nude</name>
		<pose>Unspecified</pose>
		<truncated>0</truncated>
		<difficult>0</difficult>
		<bndbox>
			<xmin>238</xmin>
			<ymin>67</ymin>
			<xmax>615</xmax>
			<ymax>426</ymax>
		</bndbox>
	</object>
	<object>
		<name>nude</name>
		<pose>Unspecified</pose>
		<truncated>0</truncated>
		<difficult>0</difficult>
		<bndbox>
			<xmin>77</xmin>
			<ymin>91</ymin>
			<xmax>353</xmax>
			<ymax>428</ymax>
		</bndbox>
	</object>
</annotation>
