{
    "filename":"0057e0bfd-d9a3-352b-c14c-149f42f08287.jpg",
    "size":{
        "width":650,
        "height":427
    },
    "bbx_basic":{
        "nude_1":{
            "xmin":11,
            "ymin":109,
            "xmax":650,
            "ymax":398,
            "cpt":{
                "xc":330.5,
                "yc":253.5
            },
            "oloc":"cc",
            "rsa":66.54,
            "off":-0.5385
        },
        "angel_1":{
            "xmin":364,
            "ymin":23,
            "xmax":534,
            "ymax":313,
            "cpt":{
                "xc":449.0,
                "yc":168.0
            },
            "oloc":"cr",
            "rsa":17.76,
            "off":0.281
        },
        "dove_1":{
            "xmin":1,
            "ymin":4,
            "xmax":180,
            "ymax":94,
            "cpt":{
                "xc":90.5,
                "yc":49.0
            },
            "oloc":"tl",
            "rsa":5.8,
            "off":-0.1369
        },
        "arrow_1":{
            "xmin":509,
            "ymin":4,
            "xmax":556,
            "ymax":105,
            "cpt":{
                "xc":532.5,
                "yc":54.5
            },
            "oloc":"tr",
            "rsa":1.71,
            "off":0.1265
        },
        "person_1":{
            "xmin":570,
            "ymin":217,
            "xmax":616,
            "ymax":302,
            "cpt":{
                "xc":593.0,
                "yc":259.5
            },
            "oloc":"cr",
            "rsa":1.41,
            "off":0.0913
        },
        "person_2":{
            "xmin":499,
            "ymin":219,
            "xmax":532,
            "ymax":266,
            "cpt":{
                "xc":515.5,
                "yc":242.5
            },
            "oloc":"cr",
            "rsa":0.56,
            "off":0.0328
        }
    },
    "bbx_added":{},
    "bbx_cnt":6
}