<annotation>
	<folder>images</folder>
	<filename>0057e0bfd-d9a3-352b-c14c-149f42f08287.jpg</filename>
	<path>/media/bscuser/5d88f775-620b-4a9d-b714-0d1032b57be0/bscuser/RKD/images/0057e0bfd-d9a3-352b-c14c-149f42f08287.jpg</path>
	<source>
		<database>Unknown</database>
	</source>
	<size>
		<width>650</width>
		<height>427</height>
		<depth>3</depth>
	</size>
	<segmented>0</segmented>
	<object>
		<name>nude</name>
		<pose>Unspecified</pose>
		<truncated>1</truncated>
		<difficult>0</difficult>
		<bndbox>
			<xmin>11</xmin>
			<ymin>109</ymin>
			<xmax>650</xmax>
			<ymax>398</ymax>
		</bndbox>
	</object>
	<object>
		<name>angel</name>
		<pose>Unspecified</pose>
		<truncated>0</truncated>
		<difficult>0</difficult>
		<bndbox>
			<xmin>364</xmin>
			<ymin>23</ymin>
			<xmax>534</xmax>
			<ymax>313</ymax>
		</bndbox>
	</object>
	<object>
		<name>dove</name>
		<pose>Unspecified</pose>
		<truncated>1</truncated>
		<difficult>0</difficult>
		<bndbox>
			<xmin>1</xmin>
			<ymin>4</ymin>
			<xmax>180</xmax>
			<ymax>94</ymax>
		</bndbox>
	</object>
	<object>
		<name>arrow</name>
		<pose>Unspecified</pose>
		<truncated>0</truncated>
		<difficult>0</difficult>
		<bndbox>
			<xmin>509</xmin>
			<ymin>4</ymin>
			<xmax>556</xmax>
			<ymax>105</ymax>
		</bndbox>
	</object>
	<object>
		<name>person</name>
		<pose>Unspecified</pose>
		<truncated>0</truncated>
		<difficult>0</difficult>
		<bndbox>
			<xmin>570</xmin>
			<ymin>217</ymin>
			<xmax>616</xmax>
			<ymax>302</ymax>
		</bndbox>
	</object>
	<object>
		<name>person</name>
		<pose>Unspecified</pose>
		<truncated>0</truncated>
		<difficult>0</difficult>
		<bndbox>
			<xmin>499</xmin>
			<ymin>219</ymin>
			<xmax>532</xmax>
			<ymax>266</ymax>
		</bndbox>
	</object>
</annotation>
