{
    "filename":"006c15d6f-892f-c42d-12df-5595475a85c6.jpg",
    "size":{
        "width":650,
        "height":568
    },
    "bbx_basic":{
        "book_1":{
            "xmin":14,
            "ymin":185,
            "xmax":322,
            "ymax":410,
            "cpt":{
                "xc":168.0,
                "yc":297.5
            },
            "oloc":"cl",
            "rsa":18.77,
            "off":-0.1277
        },
        "person_1":{
            "xmin":274,
            "ymin":149,
            "xmax":633,
            "ymax":504,
            "cpt":{
                "xc":453.5,
                "yc":326.5
            },
            "oloc":"cr",
            "rsa":34.52,
            "off":-0.0062
        },
        "crucifixion_1":{
            "xmin":440,
            "ymin":32,
            "xmax":512,
            "ymax":173,
            "cpt":{
                "xc":476.0,
                "yc":102.5
            },
            "oloc":"tr",
            "rsa":2.75,
            "off":0.1215
        },
        "skull_1":{
            "xmin":274,
            "ymin":370,
            "xmax":402,
            "ymax":480,
            "cpt":{
                "xc":338.0,
                "yc":425.0
            },
            "oloc":"bc",
            "rsa":3.81,
            "off":-0.0277
        }
    },
    "bbx_added":{},
    "bbx_cnt":4
}