<annotation>
	<folder>images</folder>
	<filename>006c15d6f-892f-c42d-12df-5595475a85c6.jpg</filename>
	<path>/media/bscuser/5d88f775-620b-4a9d-b714-0d1032b57be0/bscuser/RKD/images/006c15d6f-892f-c42d-12df-5595475a85c6.jpg</path>
	<source>
		<database>Unknown</database>
	</source>
	<size>
		<width>650</width>
		<height>568</height>
		<depth>3</depth>
	</size>
	<segmented>0</segmented>
	<object>
		<name>book</name>
		<pose>Unspecified</pose>
		<truncated>0</truncated>
		<difficult>0</difficult>
		<bndbox>
			<xmin>14</xmin>
			<ymin>185</ymin>
			<xmax>322</xmax>
			<ymax>410</ymax>
		</bndbox>
	</object>
	<object>
		<name>person</name>
		<pose>Unspecified</pose>
		<truncated>0</truncated>
		<difficult>0</difficult>
		<bndbox>
			<xmin>274</xmin>
			<ymin>149</ymin>
			<xmax>633</xmax>
			<ymax>504</ymax>
		</bndbox>
	</object>
	<object>
		<name>crucifixion</name>
		<pose>Unspecified</pose>
		<truncated>0</truncated>
		<difficult>0</difficult>
		<bndbox>
			<xmin>440</xmin>
			<ymin>32</ymin>
			<xmax>512</xmax>
			<ymax>173</ymax>
		</bndbox>
	</object>
	<object>
		<name>skull</name>
		<pose>Unspecified</pose>
		<truncated>0</truncated>
		<difficult>0</difficult>
		<bndbox>
			<xmin>274</xmin>
			<ymin>370</ymin>
			<xmax>402</xmax>
			<ymax>480</ymax>
		</bndbox>
	</object>
</annotation>
