{
    "filename":"006fcb058-3833-f11b-5ba9-e05c80dbd0cd.jpg",
    "size":{
        "width":549,
        "height":650
    },
    "bbx_basic":{
        "person_1":{
            "xmin":62,
            "ymin":385,
            "xmax":173,
            "ymax":608,
            "cpt":{
                "xc":117.5,
                "yc":496.5
            },
            "oloc":"bl",
            "rsa":6.94,
            "off":0.1723
        },
        "angel_1":{
            "xmin":438,
            "ymin":189,
            "xmax":517,
            "ymax":300,
            "cpt":{
                "xc":477.5,
                "yc":244.5
            },
            "oloc":"cr",
            "rsa":2.46,
            "off":0.0492
        },
        "angel_2":{
            "xmin":35,
            "ymin":86,
            "xmax":82,
            "ymax":139,
            "cpt":{
                "xc":58.5,
                "yc":112.5
            },
            "oloc":"tl",
            "rsa":0.7,
            "off":0.0092
        },
        "angel_3":{
            "xmin":76,
            "ymin":101,
            "xmax":117,
            "ymax":171,
            "cpt":{
                "xc":96.5,
                "yc":136.0
            },
            "oloc":"tl",
            "rsa":0.8,
            "off":0.0446
        },
        "angel_4":{
            "xmin":98,
            "ymin":137,
            "xmax":184,
            "ymax":232,
            "cpt":{
                "xc":141.0,
                "yc":184.5
            },
            "oloc":"tl",
            "rsa":2.29,
            "off":0.0138
        },
        "angel_5":{
            "xmin":312,
            "ymin":115,
            "xmax":372,
            "ymax":166,
            "cpt":{
                "xc":342.0,
                "yc":140.5
            },
            "oloc":"tc",
            "rsa":0.86,
            "off":-0.0164
        },
        "angel_6":{
            "xmin":303,
            "ymin":155,
            "xmax":374,
            "ymax":226,
            "cpt":{
                "xc":338.5,
                "yc":190.5
            },
            "oloc":"tc",
            "rsa":1.41,
            "off":0.0
        },
        "angel_7":{
            "xmin":372,
            "ymin":151,
            "xmax":426,
            "ymax":245,
            "cpt":{
                "xc":399.0,
                "yc":198.0
            },
            "oloc":"tr",
            "rsa":1.42,
            "off":0.0615
        },
        "angel_8":{
            "xmin":423,
            "ymin":22,
            "xmax":498,
            "ymax":112,
            "cpt":{
                "xc":460.5,
                "yc":67.0
            },
            "oloc":"tr",
            "rsa":1.89,
            "off":0.0231
        },
        "angel_9":{
            "xmin":492,
            "ymin":181,
            "xmax":537,
            "ymax":245,
            "cpt":{
                "xc":514.5,
                "yc":213.0
            },
            "oloc":"tr",
            "rsa":0.81,
            "off":0.0292
        },
        "angel_10":{
            "xmin":296,
            "ymin":343,
            "xmax":485,
            "ymax":562,
            "cpt":{
                "xc":390.5,
                "yc":452.5
            },
            "oloc":"br",
            "rsa":11.6,
            "off":0.0462
        },
        "angel_11":{
            "xmin":480,
            "ymin":429,
            "xmax":533,
            "ymax":542,
            "cpt":{
                "xc":506.5,
                "yc":485.5
            },
            "oloc":"br",
            "rsa":1.68,
            "off":0.0923
        },
        "angel_12":{
            "xmin":394,
            "ymin":447,
            "xmax":468,
            "ymax":556,
            "cpt":{
                "xc":431.0,
                "yc":501.5
            },
            "oloc":"br",
            "rsa":2.26,
            "off":0.0538
        },
        "angel_13":{
            "xmin":307,
            "ymin":422,
            "xmax":371,
            "ymax":490,
            "cpt":{
                "xc":339.0,
                "yc":456.0
            },
            "oloc":"bc",
            "rsa":1.22,
            "off":0.0062
        },
        "lily_1":{
            "xmin":344,
            "ymin":386,
            "xmax":371,
            "ymax":433,
            "cpt":{
                "xc":357.5,
                "yc":409.5
            },
            "oloc":"cc",
            "rsa":0.36,
            "off":0.0308
        },
        "book_1":{
            "xmin":29,
            "ymin":458,
            "xmax":85,
            "ymax":482,
            "cpt":{
                "xc":57.0,
                "yc":470.0
            },
            "oloc":"bl",
            "rsa":0.38,
            "off":-0.0583
        }
    },
    "bbx_added":{},
    "bbx_cnt":16
}