{
    "filename": "00000103",
    "artist": {
        "name": {
            "firstname": null,
            "lastname": null
        },
        "life_dates": {
            "birth_year": null,
            "death_year": null
        }
    },
    "artwork": {
        "title": {
            "en": null
        },
        "work_dates": {
            "year": [],
            "century": null
        },
        "dims_cm": {
            "width": null,
            "height": null
        },
        "dims_pixel": {
            "width": 304,
            "height": 527
        }
    },
    "main_topics": {
        "notable_objs": [
            [
                "angel_1",
                [
                    193.0,
                    321.0
                ],
                "cc",
                28.21
            ]
        ],
        "bigger_objs": [
            [
                "angel_1",
                [
                    193.0,
                    321.0
                ],
                "cc",
                28.21
            ]
        ],
        "ref_objs": [
            [
                "angel_1",
                [
                    193.0,
                    321.0
                ],
                "cc",
                28.21
            ]
        ]
    },
    "composition": {
        "clusters": {
            "angel_1": [
                "angel_1"
            ]
        },
        "foreback": {
            "angel_1": [
                [
                    "angel_2",
                    -0.63,
                    -0.22
                ],
                [
                    "person_1",
                    -0.0,
                    -0.21
                ],
                [
                    "palm_1",
                    -0.71,
                    -0.1
                ],
                [
                    "rooster_1",
                    0.05,
                    -0.03
                ],
                [
                    "halo_1",
                    -0.45,
                    -0.01
                ]
            ]
        },
        "omt": {
            "angel_1": [
                "person_1",
                "halo_1"
            ]
        },
        "amt": {
            "angel_1": [
                "angel_2",
                "palm_1",
                "halo_1"
            ]
        },
        "bmt": {
            "angel_1": [
                "person_1",
                "rooster_1"
            ]
        },
        "mylomt": {},
        "myromt": {
            "angel_1": [
                "person_1"
            ]
        }
    },
    "phys_overlap": {
        "angel_1+person_1": [
            "person_1 stands",
            "angel_1 stands",
            "angel_1 is_next_to person_1"
        ]
    }
}