<annotation>
	<folder>images</folder>
	<filename>00000103.jpg</filename>
	<path>/home/bscuser/BSC/datasets/final_data_coco_2/images/00000103.jpg</path>
	<source>
		<database>Unknown</database>
	</source>
	<size>
		<width>304</width>
		<height>527</height>
		<depth>3</depth>
	</size>
	<segmented>0</segmented>
	<object>
		<name>angel</name>
		<pose>Unspecified</pose>
		<truncated>0</truncated>
		<difficult>0</difficult>
		<bndbox>
			<xmin>114</xmin>
			<ymin>178</ymin>
			<xmax>272</xmax>
			<ymax>464</ymax>
		</bndbox>
	</object>
	<object>
		<name>angel</name>
		<pose>Unspecified</pose>
		<truncated>0</truncated>
		<difficult>0</difficult>
		<bndbox>
			<xmin>25</xmin>
			<ymin>24</ymin>
			<xmax>115</xmax>
			<ymax>133</ymax>
		</bndbox>
	</object>
	<object>
		<name>person</name>
		<pose>Unspecified</pose>
		<truncated>0</truncated>
		<difficult>0</difficult>
		<bndbox>
			<xmin>207</xmin>
			<ymin>280</ymin>
			<xmax>269</xmax>
			<ymax>463</ymax>
		</bndbox>
	</object>
	<object>
		<name>palm</name>
		<pose>Unspecified</pose>
		<truncated>0</truncated>
		<difficult>0</difficult>
		<bndbox>
			<xmin>36</xmin>
			<ymin>22</ymin>
			<xmax>73</xmax>
			<ymax>89</ymax>
		</bndbox>
	</object>
	<object>
		<name>rooster</name>
		<pose>Unspecified</pose>
		<truncated>0</truncated>
		<difficult>0</difficult>
		<bndbox>
			<xmin>160</xmin>
			<ymin>450</ymin>
			<xmax>224</xmax>
			<ymax>490</ymax>
		</bndbox>
	</object>
	<object>
		<name>halo</name>
		<pose>Unspecified</pose>
		<truncated>0</truncated>
		<difficult>0</difficult>
		<bndbox>
			<xmin>153</xmin>
			<ymin>163</ymin>
			<xmax>235</xmax>
			<ymax>229</ymax>
		</bndbox>
	</object>
</annotation>