{
    "filename":"00000107.jpg",
    "size":{
        "width":304,
        "height":397
    },
    "bbx_basic":{
        "angel_1":{
            "xmin":14,
            "ymin":109,
            "xmax":163,
            "ymax":368,
            "cpt":{
                "xc":88.5,
                "yc":238.5
            },
            "oloc":"cl",
            "rsa":31.98,
            "off":0.2771
        },
        "person_1":{
            "xmin":158,
            "ymin":182,
            "xmax":251,
            "ymax":357,
            "cpt":{
                "xc":204.5,
                "yc":269.5
            },
            "oloc":"br",
            "rsa":13.49,
            "off":0.2065
        },
        "tree_1":{
            "xmin":8,
            "ymin":11,
            "xmax":181,
            "ymax":106,
            "cpt":{
                "xc":94.5,
                "yc":58.5
            },
            "oloc":"tl",
            "rsa":13.62,
            "off":-0.2566
        },
        "tree_2":{
            "xmin":170,
            "ymin":74,
            "xmax":229,
            "ymax":165,
            "cpt":{
                "xc":199.5,
                "yc":119.5
            },
            "oloc":"tc",
            "rsa":4.45,
            "off":0.0806
        }
    },
    "bbx_added":{},
    "bbx_cnt":4
}