{
    "filename": "00000107",
    "artist": {
        "name": {
            "firstname": null,
            "lastname": null
        },
        "life_dates": {
            "birth_year": null,
            "death_year": null
        }
    },
    "artwork": {
        "title": {
            "en": null
        },
        "work_dates": {
            "year": [],
            "century": null
        },
        "dims_cm": {
            "width": null,
            "height": null
        },
        "dims_pixel": {
            "width": 304,
            "height": 397
        }
    },
    "main_topics": {
        "notable_objs": [
            [
                "angel_1",
                [
                    88.5,
                    238.5
                ],
                "cl",
                31.98
            ]
        ],
        "bigger_objs": [
            [
                "angel_1",
                [
                    88.5,
                    238.5
                ],
                "cl",
                31.98
            ],
            [
                "person_1",
                [
                    204.5,
                    269.5
                ],
                "br",
                13.49
            ]
        ],
        "ref_objs": [
            [
                "angel_1",
                [
                    88.5,
                    238.5
                ],
                "cl",
                31.98
            ]
        ]
    },
    "composition": {
        "clusters": {
            "angel_1": [
                "angel_1"
            ]
        },
        "foreback": {
            "angel_1": [
                [
                    "person_1",
                    -0.03,
                    -0.18
                ],
                [
                    "tree_1",
                    -0.66,
                    -0.66
                ],
                [
                    "tree_2",
                    -0.51,
                    -0.76
                ]
            ]
        },
        "omt": {},
        "amt": {
            "angel_1": [
                "tree_1",
                "tree_2"
            ]
        },
        "bmt": {},
        "mylomt": {},
        "myromt": {
            "angel_1": [
                "person_1",
                "tree_2"
            ]
        }
    },
    "phys_overlap": {
        "angel_1+person_1": [
            "person_1 stands",
            "angel_1 stands",
            "angel_1 is_next_to person_1"
        ]
    }
}