{
    "filename": "00000110",
    "artist": {
        "name": {
            "firstname": null,
            "lastname": null
        },
        "life_dates": {
            "birth_year": null,
            "death_year": null
        }
    },
    "artwork": {
        "title": {
            "en": null
        },
        "work_dates": {
            "year": [],
            "century": null
        },
        "dims_cm": {
            "width": null,
            "height": null
        },
        "dims_pixel": {
            "width": 458,
            "height": 708
        }
    },
    "main_topics": {
        "notable_objs": [
            [
                "crucifixion_1",
                [
                    232.5,
                    296.0
                ],
                "cc",
                72.19
            ],
            [
                "monk_1",
                [
                    202.0,
                    435.0
                ],
                "cc",
                27.43
            ]
        ],
        "bigger_objs": [
            [
                "crucifixion_1",
                [
                    232.5,
                    296.0
                ],
                "cc",
                72.19
            ],
            [
                "monk_1",
                [
                    202.0,
                    435.0
                ],
                "cc",
                27.43
            ]
        ],
        "ref_objs": [
            [
                "monk_1",
                [
                    202.0,
                    435.0
                ],
                "cc",
                27.43
            ],
            [
                "crucifixion_1",
                [
                    232.5,
                    296.0
                ],
                "cc",
                72.19
            ]
        ]
    },
    "composition": {
        "clusters": [
            "crucifixion_1"
        ],
        "foreback": {
            "crucifixion_1": [
                [
                    "angel_1",
                    null,
                    -0.22
                ],
                [
                    "monk_1",
                    null,
                    0.02
                ],
                [
                    "crown of thorns_1",
                    null,
                    -0.01
                ],
                [
                    "book_1",
                    null,
                    -0.02
                ]
            ]
        },
        "omt": {
            "crucifixion_1": [
                "angel_1",
                "monk_1",
                "crown of thorns_1",
                "book_1"
            ]
        },
        "amt": {
            "crucifixion_1": [
                "angel_1",
                "crown of thorns_1",
                "book_1"
            ]
        },
        "bmt": {
            "crucifixion_1": [
                "monk_1"
            ]
        },
        "mylomt": {},
        "myromt": {
            "crucifixion_1": [
                "angel_1",
                "book_1"
            ]
        }
    },
    "phys_overlap": {
        "crucifixion_1+monk_1": [
            "crucifixion_1((person)) is_on ((cross))",
            "monk_1 is_vertical",
            "crucifixion_1((person))/((cross)) is_vertical",
            "monk_1 is_beneath crucifixion_1((person))/((cross))"
        ]
    }
}