<annotation>
	<folder>images</folder>
	<filename>00000028.jpg</filename>
	<path>./images/00000028.jpg</path>
	<source>
		<database>Unknown</database>
	</source>
	<size>
		<width>2314</width>
		<height>1704</height>
		<depth>3</depth>
	</size>
	<segmented>0</segmented>
	<object>
		<name>crucifixion</name>
		<pose>Unspecified</pose>
		<truncated>0</truncated>
		<difficult>0</difficult>
		<bndbox>
			<xmin>767</xmin>
			<ymin>110</ymin>
			<xmax>1567</xmax>
			<ymax>915</ymax>
		</bndbox>
	</object>
	<object>
		<name>crucifixion</name>
		<pose>Unspecified</pose>
		<truncated>0</truncated>
		<difficult>0</difficult>
		<bndbox>
			<xmin>216</xmin>
			<ymin>119</ymin>
			<xmax>564</xmax>
			<ymax>789</ymax>
		</bndbox>
	</object>
	<object>
		<name>crucifixion</name>
		<pose>Unspecified</pose>
		<truncated>0</truncated>
		<difficult>0</difficult>
		<bndbox>
			<xmin>1753</xmin>
			<ymin>106</ymin>
			<xmax>2097</xmax>
			<ymax>800</ymax>
		</bndbox>
	</object>
	<object>
		<name>prayer</name>
		<pose>Unspecified</pose>
		<truncated>0</truncated>
		<difficult>0</difficult>
		<bndbox>
			<xmin>194</xmin>
			<ymin>791</ymin>
			<xmax>430</xmax>
			<ymax>1532</ymax>
		</bndbox>
	</object>
	<object>
		<name>person</name>
		<pose>Unspecified</pose>
		<truncated>0</truncated>
		<difficult>0</difficult>
		<bndbox>
			<xmin>489</xmin>
			<ymin>894</ymin>
			<xmax>789</xmax>
			<ymax>1464</ymax>
		</bndbox>
	</object>
	<object>
		<name>person</name>
		<pose>Unspecified</pose>
		<truncated>0</truncated>
		<difficult>0</difficult>
		<bndbox>
			<xmin>770</xmin>
			<ymin>867</ymin>
			<xmax>906</xmax>
			<ymax>1436</ymax>
		</bndbox>
	</object>
	<object>
		<name>person</name>
		<pose>Unspecified</pose>
		<truncated>0</truncated>
		<difficult>0</difficult>
		<bndbox>
			<xmin>1860</xmin>
			<ymin>720</ymin>
			<xmax>2170</xmax>
            <ymax>1350</ymax>
		</bndbox>
	</object>
	<object>
		<name>person</name>
		<pose>Unspecified</pose>
		<truncated>0</truncated>
		<difficult>0</difficult>
		<bndbox>
			<xmin>666</xmin>
			<ymin>872</ymin>
			<xmax>826</xmax>
			<ymax>1436</ymax>
		</bndbox>
	</object>
	<object>
		<name>horse</name>
		<pose>Unspecified</pose>
		<truncated>0</truncated>
		<difficult>0</difficult>
		<bndbox>
			<xmin>1814</xmin>
			<ymin>890</ymin>
			<xmax>2239</xmax>
			<ymax>1597</ymax>
		</bndbox>
	</object>
	<object>
		<name>horse</name>
		<pose>Unspecified</pose>
		<truncated>0</truncated>
		<difficult>0</difficult>
		<bndbox>
			<xmin>1676</xmin>
			<ymin>928</ymin>
			<xmax>1857</xmax>
			<ymax>1381</ymax>
		</bndbox>
	</object>
	<object>
		<name>person</name>
		<pose>Unspecified</pose>
		<truncated>0</truncated>
		<difficult>0</difficult>
		<bndbox>
			<xmin>985</xmin>
			<ymin>941</ymin>
			<xmax>1105</xmax>
			<ymax>1267</ymax>
		</bndbox>
	</object>
	<object>
		<name>person</name>
		<pose>Unspecified</pose>
		<truncated>0</truncated>
		<difficult>0</difficult>
		<bndbox>
			<xmin>885</xmin>
			<ymin>905</ymin>
			<xmax>990</xmax>
			<ymax>1325</ymax>
		</bndbox>
	</object>
	<object>
		<name>horse</name>
		<pose>Unspecified</pose>
		<truncated>0</truncated>
		<difficult>0</difficult>
		<bndbox>
			<xmin>1221</xmin>
			<ymin>1101</ymin>
			<xmax>1296</xmax>
			<ymax>1263</ymax>
		</bndbox>
	</object>
	<object>
		<name>person</name>
		<pose>Unspecified</pose>
		<truncated>0</truncated>
		<difficult>0</difficult>
		<bndbox>
			<xmin>1296</xmin>
			<ymin>843</ymin>
			<xmax>1456</xmax>
			<ymax>1463</ymax>
		</bndbox>
	</object>
	<object>
		<name>person</name>
		<pose>Unspecified</pose>
		<truncated>0</truncated>
		<difficult>0</difficult>
		<bndbox>
			<xmin>1501</xmin>
			<ymin>1196</ymin>
			<xmax>1874</xmax>
			<ymax>1481</ymax>
		</bndbox>
	</object>
	<object>
		<name>person</name>
		<pose>Unspecified</pose>
		<truncated>0</truncated>
		<difficult>0</difficult>
		<bndbox>
			<xmin>1390</xmin>
			<ymin>1216</ymin>
			<xmax>1532</xmax>
			<ymax>1432</ymax>
		</bndbox>
	</object>
	<object>
		<name>person</name>
		<pose>Unspecified</pose>
		<truncated>0</truncated>
		<difficult>0</difficult>
		<bndbox>
			<xmin>1499</xmin>
			<ymin>1134</ymin>
			<xmax>1632</xmax>
			<ymax>1428</ymax>
		</bndbox>
	</object>
	<object>
		<name>person</name>
		<pose>Unspecified</pose>
		<truncated>0</truncated>
		<difficult>0</difficult>
		<bndbox>
			<xmin>1648</xmin>
			<ymin>834</ymin>
			<xmax>1830</xmax>
			<ymax>1194</ymax>
		</bndbox>
	</object>
	<object>
		<name>crown of thorns</name>
		<pose>Unspecified</pose>
		<truncated>0</truncated>
		<difficult>0</difficult>
		<bndbox>
			<xmin>1081</xmin>
			<ymin>190</ymin>
			<xmax>1145</xmax>
			<ymax>248</ymax>
		</bndbox>
	</object>
	<object>
		<name>skull</name>
		<pose>Unspecified</pose>
		<truncated>0</truncated>
		<difficult>0</difficult>
		<bndbox>
			<xmin>1163</xmin>
			<ymin>1423</ymin>
			<xmax>1232</xmax>
			<ymax>1497</ymax>
		</bndbox>
	</object>
	<object>
		<name>lance</name>
		<pose>Unspecified</pose>
		<truncated>0</truncated>
		<difficult>0</difficult>
		<bndbox>
			<xmin>1332</xmin>
			<ymin>665</ymin>
			<xmax>1374</xmax>
			<ymax>1481</ymax>
		</bndbox>
	</object>
	<object>
		<name>banner</name>
		<pose>Unspecified</pose>
		<truncated>0</truncated>
		<difficult>0</difficult>
		<bndbox>
			<xmin>1341</xmin>
			<ymin>692</ymin>
			<xmax>1392</xmax>
			<ymax>750</ymax>
		</bndbox>
	</object>
	<object>
		<name>skull</name>
		<pose>Unspecified</pose>
		<truncated>0</truncated>
		<difficult>0</difficult>
		<bndbox>
			<xmin>63</xmin>
			<ymin>1394</ymin>
			<xmax>126</xmax>
			<ymax>1457</ymax>
		</bndbox>
	</object>
	<object>
		<name>skull</name>
		<pose>Unspecified</pose>
		<truncated>0</truncated>
		<difficult>0</difficult>
		<bndbox>
			<xmin>114</xmin>
			<ymin>1374</ymin>
			<xmax>168</xmax>
			<ymax>1445</ymax>
		</bndbox>
	</object>
	<object>
		<name>skull</name>
		<pose>Unspecified</pose>
		<truncated>0</truncated>
		<difficult>0</difficult>
		<bndbox>
			<xmin>161</xmin>
			<ymin>1350</ymin>
			<xmax>205</xmax>
			<ymax>1423</ymax>
		</bndbox>
	</object>
	<object>
		<name>sword</name>
		<pose>Unspecified</pose>
		<truncated>0</truncated>
		<difficult>0</difficult>
		<bndbox>
			<xmin>1952</xmin>
			<ymin>994</ymin>
			<xmax>2008</xmax>
			<ymax>1308</ymax>
		</bndbox>
	</object>
	<object>
		<name>lance</name>
		<pose>Unspecified</pose>
		<truncated>0</truncated>
		<difficult>0</difficult>
		<bndbox>
			<xmin>959</xmin>
			<ymin>905</ymin>
			<xmax>1119</xmax>
			<ymax>1076</ymax>
		</bndbox>
	</object>
</annotation>
