{
    "filename":"00000103.jpg",
    "size":{
        "width":304,
        "height":527
    },
    "bbx_basic":{
        "angel_1":{
            "xmin":114,
            "ymin":178,
            "xmax":272,
            "ymax":464,
            "cpt":{
                "xc":193.0,
                "yc":321.0
            },
            "oloc":"cc",
            "rsa":28.21,
            "off":0.2429
        },
        "angel_2":{
            "xmin":25,
            "ymin":24,
            "xmax":115,
            "ymax":133,
            "cpt":{
                "xc":70.0,
                "yc":78.5
            },
            "oloc":"tl",
            "rsa":6.12,
            "off":0.0361
        },
        "person_1":{
            "xmin":207,
            "ymin":280,
            "xmax":269,
            "ymax":463,
            "cpt":{
                "xc":238.0,
                "yc":371.5
            },
            "oloc":"br",
            "rsa":7.08,
            "off":0.2296
        },
        "palm_1":{
            "xmin":36,
            "ymin":22,
            "xmax":73,
            "ymax":89,
            "cpt":{
                "xc":54.5,
                "yc":55.5
            },
            "oloc":"tl",
            "rsa":1.55,
            "off":0.0569
        },
        "rooster_1":{
            "xmin":160,
            "ymin":450,
            "xmax":224,
            "ymax":490,
            "cpt":{
                "xc":192.0,
                "yc":470.0
            },
            "oloc":"bc",
            "rsa":1.6,
            "off":-0.0789
        },
        "halo_1":{
            "xmin":153,
            "ymin":163,
            "xmax":235,
            "ymax":229,
            "cpt":{
                "xc":194.0,
                "yc":196.0
            },
            "oloc":"cc",
            "rsa":3.38,
            "off":-0.0526
        }
    },
    "bbx_added":{},
    "bbx_cnt":6
}