{
    "filename":"00000028.jpg",
    "size":{
        "width":2314,
        "height":1704
    },
    "bbx_basic":{
        "crucifixion_1":{
            "xmin":767,
            "ymin":110,
            "xmax":1567,
            "ymax":915,
            "cpt":{
                "xc":1167.0,
                "yc":512.5
            },
            "oloc":"tc",
            "rsa":16.33,
            "off":0.0029
        },
        "crucifixion_2":{
            "xmin":216,
            "ymin":119,
            "xmax":564,
            "ymax":789,
            "cpt":{
                "xc":390.0,
                "yc":454.0
            },
            "oloc":"tl",
            "rsa":5.91,
            "off":0.189
        },
        "crucifixion_3":{
            "xmin":1753,
            "ymin":106,
            "xmax":2097,
            "ymax":800,
            "cpt":{
                "xc":1925.0,
                "yc":453.0
            },
            "oloc":"tr",
            "rsa":6.05,
            "off":0.2054
        },
        "prayer_1":{
            "xmin":194,
            "ymin":791,
            "xmax":430,
            "ymax":1532,
            "cpt":{
                "xc":312.0,
                "yc":1161.5
            },
            "oloc":"bl",
            "rsa":4.44,
            "off":0.2964
        },
        "person_1":{
            "xmin":489,
            "ymin":894,
            "xmax":789,
            "ymax":1464,
            "cpt":{
                "xc":639.0,
                "yc":1179.0
            },
            "oloc":"bl",
            "rsa":4.34,
            "off":0.1585
        },
        "person_2":{
            "xmin":770,
            "ymin":867,
            "xmax":906,
            "ymax":1436,
            "cpt":{
                "xc":838.0,
                "yc":1151.5
            },
            "oloc":"bc",
            "rsa":1.96,
            "off":0.2541
        },
        "person_3":{
            "xmin":1860,
            "ymin":720,
            "xmax":2170,
            "ymax":1350,
            "cpt":{
                "xc":2015.0,
                "yc":1035.0
            },
            "oloc":"cr",
            "rsa":4.95,
            "off":0.1878
        },
        "person_4":{
            "xmin":666,
            "ymin":872,
            "xmax":826,
            "ymax":1436,
            "cpt":{
                "xc":746.0,
                "yc":1154.0
            },
            "oloc":"bl",
            "rsa":2.29,
            "off":0.2371
        },
        "horse_1":{
            "xmin":1814,
            "ymin":890,
            "xmax":2239,
            "ymax":1597,
            "cpt":{
                "xc":2026.5,
                "yc":1243.5
            },
            "oloc":"br",
            "rsa":7.62,
            "off":0.1655
        },
        "horse_2":{
            "xmin":1676,
            "ymin":928,
            "xmax":1857,
            "ymax":1381,
            "cpt":{
                "xc":1766.5,
                "yc":1154.5
            },
            "oloc":"br",
            "rsa":2.08,
            "off":0.1596
        },
        "person_5":{
            "xmin":985,
            "ymin":941,
            "xmax":1105,
            "ymax":1267,
            "cpt":{
                "xc":1045.0,
                "yc":1104.0
            },
            "oloc":"cc",
            "rsa":0.99,
            "off":0.1209
        },
        "person_6":{
            "xmin":885,
            "ymin":905,
            "xmax":990,
            "ymax":1325,
            "cpt":{
                "xc":937.5,
                "yc":1115.0
            },
            "oloc":"cc",
            "rsa":1.12,
            "off":0.1849
        },
        "horse_3":{
            "xmin":1221,
            "ymin":1101,
            "xmax":1296,
            "ymax":1263,
            "cpt":{
                "xc":1258.5,
                "yc":1182.0
            },
            "oloc":"bc",
            "rsa":0.31,
            "off":0.0511
        },
        "person_7":{
            "xmin":1296,
            "ymin":843,
            "xmax":1456,
            "ymax":1463,
            "cpt":{
                "xc":1376.0,
                "yc":1153.0
            },
            "oloc":"bc",
            "rsa":2.52,
            "off":0.27
        },
        "person_8":{
            "xmin":1501,
            "ymin":1196,
            "xmax":1874,
            "ymax":1481,
            "cpt":{
                "xc":1687.5,
                "yc":1338.5
            },
            "oloc":"br",
            "rsa":2.7,
            "off":-0.038
        },
        "person_9":{
            "xmin":1390,
            "ymin":1216,
            "xmax":1532,
            "ymax":1432,
            "cpt":{
                "xc":1461.0,
                "yc":1324.0
            },
            "oloc":"bc",
            "rsa":0.78,
            "off":0.0434
        },
        "person_10":{
            "xmin":1499,
            "ymin":1134,
            "xmax":1632,
            "ymax":1428,
            "cpt":{
                "xc":1565.5,
                "yc":1281.0
            },
            "oloc":"br",
            "rsa":0.99,
            "off":0.0945
        },
        "person_11":{
            "xmin":1648,
            "ymin":834,
            "xmax":1830,
            "ymax":1194,
            "cpt":{
                "xc":1739.0,
                "yc":1014.0
            },
            "oloc":"cr",
            "rsa":1.66,
            "off":0.1045
        },
        "crown of thorns_1":{
            "xmin":1081,
            "ymin":190,
            "xmax":1145,
            "ymax":248,
            "cpt":{
                "xc":1113.0,
                "yc":219.0
            },
            "oloc":"tc",
            "rsa":0.09,
            "off":-0.0026
        },
        "skull_1":{
            "xmin":1163,
            "ymin":1423,
            "xmax":1232,
            "ymax":1497,
            "cpt":{
                "xc":1197.5,
                "yc":1460.0
            },
            "oloc":"bc",
            "rsa":0.13,
            "off":0.0029
        },
        "lance_1":{
            "xmin":1332,
            "ymin":665,
            "xmax":1374,
            "ymax":1481,
            "cpt":{
                "xc":1353.0,
                "yc":1073.0
            },
            "oloc":"cc",
            "rsa":0.87,
            "off":0.4542
        },
        "banner_1":{
            "xmin":1341,
            "ymin":692,
            "xmax":1392,
            "ymax":750,
            "cpt":{
                "xc":1366.5,
                "yc":721.0
            },
            "oloc":"cc",
            "rsa":0.08,
            "off":0.0041
        },
        "skull_2":{
            "xmin":63,
            "ymin":1394,
            "xmax":126,
            "ymax":1457,
            "cpt":{
                "xc":94.5,
                "yc":1425.5
            },
            "oloc":"bl",
            "rsa":0.1,
            "off":0.0
        },
        "skull_3":{
            "xmin":114,
            "ymin":1374,
            "xmax":168,
            "ymax":1445,
            "cpt":{
                "xc":141.0,
                "yc":1409.5
            },
            "oloc":"bl",
            "rsa":0.1,
            "off":0.01
        },
        "skull_4":{
            "xmin":161,
            "ymin":1350,
            "xmax":205,
            "ymax":1423,
            "cpt":{
                "xc":183.0,
                "yc":1386.5
            },
            "oloc":"bl",
            "rsa":0.08,
            "off":0.017
        },
        "sword_1":{
            "xmin":1952,
            "ymin":994,
            "xmax":2008,
            "ymax":1308,
            "cpt":{
                "xc":1980.0,
                "yc":1151.0
            },
            "oloc":"br",
            "rsa":0.45,
            "off":0.1514
        },
        "lance_2":{
            "xmin":959,
            "ymin":905,
            "xmax":1119,
            "ymax":1076,
            "cpt":{
                "xc":1039.0,
                "yc":990.5
            },
            "oloc":"cc",
            "rsa":0.69,
            "off":0.0065
        }
    },
    "bbx_added":{},
    "bbx_cnt":27
}