<annotation>
	<folder>crucifixion+angels</folder>
	<filename>00000037.jpg</filename>
	<path>/home/bscuser/BSC/datasets/final_data_coco_2/images/00000037.jpg</path>
	<source>
		<database>British Museum</database>
	</source>
	<size>
		<width>304</width>
		<height>425</height>
		<depth>3</depth>
	</size>
	<segmented>0</segmented>
	<object>
		<name>angel</name>
		<pose>Unspecified</pose>
		<truncated>0</truncated>
		<difficult>0</difficult>
		<bndbox>
			<xmin>54</xmin>
			<ymin>30</ymin>
			<xmax>272</xmax>
			<ymax>402</ymax>
		</bndbox>
	</object>
</annotation>