<annotation>
	<folder>images</folder>
	<filename>00000110.jpg</filename>
	<path>./images/00000110.jpg</path>
	<source>
		<database>Unknown</database>
	</source>
	<size>
		<width>458</width>
		<height>708</height>
		<depth>3</depth>
	</size>
	<segmented>0</segmented>
	<object>
		<name>crucifixion</name>
		<pose>Unspecified</pose>
		<truncated>0</truncated>
		<difficult>0</difficult>
		<bndbox>
			<xmin>30</xmin>
			<ymin>7</ymin>
			<xmax>435</xmax>
			<ymax>585</ymax>
		</bndbox>
	</object>
	<object>
		<name>angel</name>
		<pose>Unspecified</pose>
		<truncated>0</truncated>
		<difficult>0</difficult>
		<bndbox>
			<xmin>311</xmin>
			<ymin>142</ymin>
			<xmax>384</xmax>
			<ymax>301</ymax>
		</bndbox>
	</object>
	<object>
		<name>monk</name>
		<pose>Unspecified</pose>
		<truncated>0</truncated>
		<difficult>0</difficult>
		<bndbox>
			<xmin>93</xmin>
			<ymin>231</ymin>
			<xmax>311</xmax>
			<ymax>639</ymax>
		</bndbox>
	</object>
	<object>
		<name>crown of thorns</name>
		<pose>Unspecified</pose>
		<truncated>0</truncated>
		<difficult>0</difficult>
		<bndbox>
			<xmin>122</xmin>
			<ymin>116</ymin>
			<xmax>188</xmax>
			<ymax>162</ymax>
		</bndbox>
	</object>
	<object>
		<name>book</name>
		<pose>Unspecified</pose>
		<truncated>1</truncated>
		<difficult>0</difficult>
		<bndbox>
			<xmin>352</xmin>
			<ymin>147</ymin>
			<xmax>458</xmax>
			<ymax>224</ymax>
		</bndbox>
	</object>
</annotation>