{
    "filename":"00000110.jpg",
    "size":{
        "width":458,
        "height":708
    },
    "bbx_basic":{
        "crucifixion_1":{
            "xmin":30,
            "ymin":7,
            "xmax":435,
            "ymax":585,
            "cpt":{
                "xc":232.5,
                "yc":296.0
            },
            "oloc":"cc",
            "rsa":72.19,
            "off":0.2444
        },
        "angel_1":{
            "xmin":311,
            "ymin":142,
            "xmax":384,
            "ymax":301,
            "cpt":{
                "xc":347.5,
                "yc":221.5
            },
            "oloc":"tr",
            "rsa":3.58,
            "off":0.1215
        },
        "monk_1":{
            "xmin":93,
            "ymin":231,
            "xmax":311,
            "ymax":639,
            "cpt":{
                "xc":202.0,
                "yc":435.0
            },
            "oloc":"cc",
            "rsa":27.43,
            "off":0.2684
        },
        "crown of thorns_1":{
            "xmin":122,
            "ymin":116,
            "xmax":188,
            "ymax":162,
            "cpt":{
                "xc":155.0,
                "yc":139.0
            },
            "oloc":"tc",
            "rsa":0.94,
            "off":-0.0437
        },
        "book_1":{
            "xmin":352,
            "ymin":147,
            "xmax":458,
            "ymax":224,
            "cpt":{
                "xc":405.0,
                "yc":185.5
            },
            "oloc":"tr",
            "rsa":2.52,
            "off":-0.0633
        }
    },
    "bbx_added":{},
    "bbx_cnt":5
}